customer_id,firstname,lastname,phone
NAO1931162,Riannon,Septima,61420364080
UDY9177732,Roxane,Prouty,83112028981
NQW9009392,Daphne,Hourigan,56578112301
WSA6742848,Calla,Sidonius,09517515478
AMC9266758,Elora,Bach,73488951937
PEL3958630,Marinna,Arquit,28443993127
COI6409044,Lonnie,Tamar,86085830515
CVW7982515,Tani,Ioab,27363778219
FRG0854812,Anestassia,Maryanne,15420877467
JZS3208214,Kimmy,Brodench,38293228410
IEP2756213,Concettina,Shirberg,16642371193
LVH6698363,Berta,Wandie,65630847143
SBS0534747,Corly,Nance,35292070108
DID4576756,Stevana,Zuzana,50422347738
RGM4899827,Vinita,Honoria,67216162662
QTS7431954,Lily,Goerke,69777599538
KDC3361056,Kylynn,Daegal,61662389997
CDG9116283,Kary,Latini,31933678569
DJO0320584,Glenda,Dawkins,57581973922
FNP0809140,Ronna,Nester,35477864512
MMU8485344,Abbie,Margret,08739995595
NNT1628019,Michaelina,Ax,54576813296
BUH0401327,Brena,Alva,92426539098
DCB3539138,Fawne,Albertine,31422844426
IQB5980787,Carolina,Jillane,73030023120
BFK7450956,Lindie,Lilybelle,73086514081
EEB6173349,Siana,Durware,16774576809
TZB5719214,Rayna,Anastatius,26277684224
BUN6932304,Inga,Aldric,04080680456
PSC0969983,Cyndie,Erb,99282533017
GNH8539381,Juliane,Bari,26282402023
JVL1092007,Clary,Roxanna,68201561278
UNJ5451115,Lusa,Sparhawk,56228651275
CDX5305472,Ekaterina,Ries,45692510029
UTO8761034,Katuscha,Edison,53661937110
VFJ8500278,Aeriela,Odell,06560958326
SCH6778253,Alleen,Pierette,69653746790
QWG9448301,Ezmeralda,Eldrid,27475830294
AQS7739249,Grier,Maisey,75982011166
RNN7304910,Glenda,Arne,92721427319
FBV4327758,Kerrin,Yusuk,41416042415
RWU8855711,Marguerite,Tamar,62717216875
NNN9362287,Leona,Belldas,80138425748
NQV6088456,Michaelina,Radu,83768638039
PUQ6260347,Fidelia,Rosette,37392282924
GKX9210625,Aurelie,Heidt,31620084600
QFJ7253465,Sheelagh,Hachmin,58939027334
KBI9299502,Helena,Liebermann,60696384902
RXF3895878,Oona,Fry,22565576376
CUP7218785,Lila,Hanshaw,24025846184
PSF0792861,Phylis,Liva,94947091369
MBC8421322,Dorice,Alcott,80521477186
HTP9087560,Johna,Wandie,25012399206
LEF6722601,Lanae,Wilona,94601759210
AXV1685954,Alisha,Corrine,91485125166
KEN4389791,Ofilia,Munn,75302779911
FLP6785444,Minda,Shaver,18449665093
ANN2137654,Britte,Evangelia,30118647053
MPR4886959,Marti,Papageno,15199153387
GIC4266307,Annora,Ursulette,66704841689
TMG4771777,Janey,Prouty,92519775651
QND6732684,Ivett,O'Rourke,20312617754
TOU0194122,Tori,Greenwald,74073298665
UJQ7988458,Regina,Dash,65080005487
UZP7055254,Lorenza,Cecile,08980325659
SFH3154027,Margalo,Kermit,00315290218
FQR9998127,Merry,Willie,17361722859
BYS8200358,Vonny,Hebner,18436868483
YMA3931064,Claudina,Jena,83049052252
LMN2589525,Glenda,Cohdwell,35373959126
QEE7053497,Steffane,Moina,33730946677
DTU5283976,Miquela,Olnee,46691234554
IJB8228437,Sara-Ann,Chandler,35194091640
JKF8185992,Renie,Hunfredo,97579273279
WST0888468,Lila,Malina,18026950662
ZOL9191677,Courtnay,Travax,65227564499
CHU6886774,Brana,Uund,61926214571
HZT8419955,Ruthe,Charity,68297838214
TJB7091905,Winny,Nea,73129875949
RWB6908493,Dorice,Bultman,54955886466
KQO0093397,Linet,Janith,94065969486
HIA2329231,Cordi,Erminia,87935414827
AQQ1150144,Hayley,Wildermuth,95638816911
FSH1834271,Tori,Anton,10242729846
PSS5467480,Carlie,Raychel,10966693742
CRQ4678179,Concettina,Toffic,16684762126
XKK0080819,Cristine,Corabella,28642198880
CWP0487942,Rebeca,Granoff,65325991361
PWR9421502,Monika,Carleen,48325148598
ACY7441102,Joeann,Charity,56417852272
ACN9523571,Elyssa,Clie,33617782513
TET4580951,Brena,Heisel,88633180741
UVM6177949,Winifred,Primalia,10950627055
ZFS2222521,Roberta,Fosque,09888343147
XHF5855108,Dorice,Malvino,84842917464
LAU2488209,Aimil,Solitta,66112977955
MGN9368649,Ada,Francene,82771327640
GKY7168573,Layla,Bashemeth,27380052667
SQH8146117,Leona,Modie,81858880581
KST6422464,Tani,Faro,78308072333
QXV8596964,Lisette,Alarise,14009567286
ATB3574415,Meghann,Atcliffe,47503984028
OVQ7403392,Rivalee,Buffum,75268965911
PJD8326176,Paulita,Wolfgram,83612544480
WFL8193403,Marita,Travax,78679511504
OOB1216780,Annice,Revkah,30596260214
ZLW3710411,Mady,Anton,14649693408
CVH6862383,Claresta,Chesna,58336455547
LWE0667578,Sibella,Kevon,32267292755
TXK3954572,Dagmar,Rona,80899565145
GYU8507250,Mady,Lanita,52982971868
WOC5290089,Michaelina,Hessler,76253128762
MUD9080528,Jaclyn,Wu,58397569441
DLN4057835,Roseline,Fredi,96943121713
FLV2188772,Mary,Glenden,30110570986
GNF5295689,Merry,Gombach,25397200316
UYN9205437,Selma,Willie,19900067618
QCH4011308,Arlena,Hazlett,83059369618
HRG2539689,Ann-Marie,Tufts,48770735096
GTJ0915310,Ada,Ilka,31982112022
TLE6929860,Karlee,Philoo,36809812260
LMY9796595,Selia,Ariella,69215286747
HPI6723551,Cindelyn,Johanna,71746525540
OJE8909594,Madelle,Creamer,28690152520
RIY8523735,Liana,Smitt,91747853120
WOB9043399,Lynde,Remmer,38436583474
GQJ6993424,Vinita,MacIntosh,63145229217
FIM9713663,Mady,Sisile,61007332949
MVQ4453832,Jere,Georgy,88968280778
WCB8111339,Kassey,Anastatius,83963306864
QSR1350004,Marleah,Elo,49266835315
TXY4243605,Siana,Paton,36303744933
BKB2252749,Selia,Cristi,42401583829
KBN0913473,Corene,Henebry,84427440913
EOL4828058,Brandise,Markman,40519697869
DPF8156022,Melodie,Janene,95725581440
JEY8499564,Darci,Bebe,25686454117
DVN0723696,Gwyneth,Melan,10610298503
JSP7696998,Libbie,Cimbura,27375149022
OIJ8838019,Gilligan,Lenny,00716709431
DGZ7888219,Elbertina,Fulmer,95519050421
JPV2902756,Rhea,Cassius,66137390440
EAF3333320,Kial,Gaynor,05221657827
ECE9254702,Olwen,Bouchard,29613193250
XTT1688086,Sherrie,Chinua,81054062373
RNQ6603661,Cyndie,Plato,55301927260
KGT2819897,Daphne,Donell,52766032007
ZGI2474399,Gaylene,Tippets,06407011003
PWI0526541,Sara-Ann,Buckler,49769568908
TEZ0024281,Phedra,Emerson,94871222439
TUB4321146,Audrie,Hanleigh,22694901378
TAM7116843,Aryn,Cassius,07214429294
HHZ0983966,Zia,Whittaker,86201681886
JIP2792286,Evita,Mullane,71363339106
THO7353322,Desirae,Center,54482552261
ULH7425994,Tobe,Tamar,25871527640
TNB1217623,Shaylyn,Isacco,32901320517
LSN3322260,Emilia,Joeann,74657877190
MGN3331099,Melodie,Korey,80962909864
RPQ5164120,Daryl,Camden,51592009597
UFY4399801,Rani,Weaks,73095831846
IRB9619108,Atlanta,Eben,79569393970
PCT0747547,Brietta,Deny,61003100761
TLK8805820,Gretal,Jaylene,76909101083
QTU3947362,Sissy,Susannah,60060195557
IPI7940266,Joane,Ursulette,48777168962
DHS1388276,Lenna,Screens,30944145999
WOI4495500,Minda,Cloris,51437769932
ANZ4648505,Shaine,Philoo,37283924572
KXN4274122,Dyann,Seligman,85605121096
AZY2760310,Cecile,Tippets,81239681636
MZR7357182,Lila,Elvyn,05582349783
DLU9521584,Feliza,Tybald,68501568645
JTJ5675311,Thalia,Couture,36284306590
AKU4782603,Raquela,Helfand,94334408513
EOX2883827,Brandise,Heisel,40473547824
KUY1230238,Brietta,Campball,11890788242
YFC3260688,Lindie,Isacco,36110219196
KSK4450762,Ardys,Marijo,69740821213
UME3211299,Nyssa,Carbo,75507675339
DKZ8425182,Lindie,Robertson,98832517889
XCJ6386402,Jinny,Codding,05538830459
VJJ2883369,Heida,Deegan,88389770354
OET3316219,Britte,Bebe,95530898964
BPX1090790,Kial,Joli,83906500912
XJU2445445,Judy,Rillings,94007221916
VCT1418926,Latisha,Persse,96789385396
XXD1552791,Roberta,Pearse,59242776769
IFT9081391,Tarra,Chinua,65941584078
FZP7568658,Nollie,Vernier,15776073973
JUH8930428,Laurene,Phaidra,28381134220
NVK4928366,Ingrid,Garlinda,45889498446
IKD5640386,Lonnie,Mallon,04478987880
CHT1736033,Tersina,Corabella,41367681763
YHF8064313,Michaelina,Carbo,95346050481
NXJ2143438,Paola,Monaco,89565783669
HUJ1760089,Sashenka,Macey,95681919330
ESH7890370,Ivett,Zrike,87584460004
TFR0239512,Bettine,Tybald,96280978290
EKV7618571,Sherrie,Thunell,69728005058
ESQ9392403,Codie,Johnsson,58076318862
BMJ4302195,Claresta,Trinetta,59918852625
IGM0175306,Kayla,Delacourt,70594351132
EFO5717566,Alleen,Bonucci,93624272434
MXH7685783,Lucy,Cath,51292985420
VIN5849095,Caritta,Louanna,37962649099
KTP6456924,Yetty,Avi,85227916835
BXV0921563,Evaleen,Elvyn,74401626272
YBH1934512,Raf,Eno,83527241559
UFA8549239,Ilse,Vilma,84555707607
CSB6139509,Penelopa,Monaco,57396988450
GQF4674752,Alyda,Rooney,83468722387
KPJ6726910,Meg,Drus,87526768484
BCC8816938,Lynde,Wadell,55176967585
KSU9865436,Suzette,Hamil,36311002533
ERJ1158304,Cordi,Merriott,66858282931
LVW1624425,Gusty,Ackerley,89192050337
LXJ8109175,Roz,Tyson,03580890481
RWG8665538,Dagmar,Stacy,84713333046
WGV0148160,Oona,Geffner,94153352938
BYG9899067,Trudie,Chick,00780893290
RFS0200248,Ellette,Quent,75856460488
CCU4669142,Aurore,Parette,44190236075
GXL1562399,Darci,Therine,14809725382
UAJ1775311,Emilia,Hieronymus,06113744230
JAM1818808,Annaliese,Gregrory,86826797853
QUA5957210,Amara,Blake,11760759031
FJZ6170565,Stacey,Elbertina,06240916484
FKI9311840,Delilah,Emanuel,16386308393
YHJ3138640,Shaine,Selway,38730348600
MML8105117,Zsa Zsa,Demitria,30643709933
DRB5823318,Meriel,Ade,43984410755
ZFB1959271,Carlie,Zitvaa,93374631139
NQY0353946,Aryn,Sallyann,88823995563
FWX8395899,Anica,Warthman,32386549303
UGP1469341,Emelina,Gemini,02394037939
RZP8480920,Margarette,Karl,18091449361
OLF2859938,Lanna,Slifka,12488233155
OUW8646592,Morganica,Goddard,15962755344
BRP0986742,Leona,Bibi,81114314681
LNI0689776,Mara,Edee,90934479195
RJI0972879,Barbi,Goerke,07373218267
TWM8372546,Carree,Gordon,81041778792
INW4175401,Ethel,Lasley,05921190686
UYH8303869,Tersina,Codding,71101849629
QVL0352076,Orsola,Zuzana,08070010573
NLZ5910668,Mireielle,Latini,54431119396
ZKP7357125,Suzette,Masao,12369484739
RLE1798252,Louella,Pearse,84897667923
LQN0820338,Gloria,Colbert,32235907262
NPE0828506,Amelia,Masao,53984560021
DCG3465986,Rani,Guildroy,97425028628
OJN2339124,Hyacinthe,Saree,21114048867
QNF6083847,Atlanta,Shirberg,73302240408
CLN7119850,Katleen,Obed,83617131229
SZN3335370,Carilyn,Old,28997548374
XYB3687244,Sallie,Callista,41500023231
YWB8659873,Kristina,Ailyn,77134341797
YEM5171361,Ruthe,Parette,87822856660
WIM4052559,Alexine,Robertson,78976463878
VXZ0309043,Micheline,Rad,55961375221
XJE3723213,Lisette,Anselmi,91742871907
MDI1976208,Asia,Oscar,66210111637
LNO6696529,Hannis,Jaylene,46993100765
SYF1319034,Goldie,Standing,17579479690
RHI1271763,Petronia,Sidonius,95574169109
KCE9095760,Teddie,Delp,90476470855
WKQ9268311,Gisela,Kirbee,50840024659
LCJ6933328,Alexine,Graig,49417481777
MDK1419951,Charlena,Dichy,08878130727
KJK7451804,Brooks,Jacobah,79517032109
PTX7739175,Elie,Lanita,47575437755
FQX6798433,Rhea,Tamsky,05575762836
CQA2780470,Carly,Ax,84673230267
EZX2144456,Dorthy,Stevy,65263045994
VQZ3607091,Ezmeralda,Erminia,70645078488
FGW0181795,Eolanda,Henrie,12009184649
PHD6234508,Dulce,Elbertina,19296104558
AUT0696734,Roberta,Alwin,42236103023
RGC1136244,Ada,Hanleigh,12625702773
XWF2683389,Gloria,Joli,74138002095
YOW5094206,Annecorinne,Janene,83468449005
ZMK3590395,Camile,Hull,90544592839
SIY7533292,Alia,Magdalen,60457727810
CKM4045469,Dacia,Grayce,94624814660
ZLC8949778,Paola,Kussell,67442371871
CMV0711909,Cristabel,Fancie,79396200602
NJF8214687,Theodora,Westphal,96041985532
WYT0709399,Lauryn,McLaughlin,57912513461
LRH6423931,Sabina,Leifeste,86596342425
KQK4936006,Linzy,Glenden,41650507906
ESX5053596,Madeleine,Argus,05697450339
PBR2825307,Sibella,Louanna,92458749849
MUR7817427,Lorenza,Allina,25927105709
OWT1085381,Emmey,Howlyn,51652369657
AFG3238184,Xylina,Therine,63322667948
ZVX1769494,Kaja,Buffum,07434376802
KMZ7380795,Bettine,Dimitris,81489136349
IUJ0150062,Ayn,Norvol,23476477875
AMS7354707,Ada,Kirstin,41556786362
OSO2477176,Genevra,Marisa,79780562769
WNO4319601,Lita,Berard,11451898159
NXW7093503,Asia,Chauncey,54525546766
XUJ3765121,Kayla,Lasley,42076387077
GEX6420557,Ingrid,Khorma,79312318946
QLA5497779,Mathilda,Thad,16630066919
MSC4884852,Suzette,Nore,87181020897
FZF0845243,Joelly,Connelly,81444392657
VBN2429031,Donnie,Tarrant,32472960326
XOC0891938,Demetris,Isacco,33120962127
UMC7527330,Penelopa,Ries,72854035593
VCL0299244,Deirdre,Winthorpe,44879441522
PWD1874687,Siana,Gualtiero,50750348371
ABP3479587,Edyth,Means,39248457212
FNA0668599,Corry,Fax,55546065183
DWK3341575,Ethel,Decato,50414084131
DOH2804295,Jenilee,Buckler,83825303218
GYR8229781,Aeriela,Fairweather,04290710498
GZW9482676,Genovera,Marcellus,82230992817
CGX6301720,Carmencita,Gregrory,95981306245
KAA7245531,Doro,Tiffa,04097354666
GTR5127770,Alameda,Lane,43602606484
YYA0948088,Mara,Nester,34578825576
MBV2481228,Averyl,Gahl,91449522575
EPM0659735,Averyl,Paine,92235845605
IJA2653501,Corry,Bebe,30935982836
OOI2869762,Ana,Alfons,60463980795
BCG8342240,Emilia,Egbert,68235241724
UEK9144278,Jerry,Haymes,15318716186
QKY5074978,Kristina,Lasley,49465781143
AAQ5802452,Claresta,Killigrew,81725668644
JVR4854800,Mariann,Macey,37986918473
RUR4667466,Lelah,Gibbeon,49269555039
TCF4173132,Leanna,Ax,80649238591
OAV8199337,Beth,Catie,82035592387
IVH5685006,Darlleen,Wind,95100653525
NQL2496567,Adele,Dorothy,64964761308
NDM8342975,Queenie,Kimmie,89117506029
BKF4712130,Gratia,Kaja,42100183649
UQC1601183,Sophia,Matthew,44251405967
WSV7429356,Nadine,Anselmi,56623538654
TGO8491185,Carlie,Raseda,54005612234
KCW2612168,Nerta,Poppy,14579432660
YNB5612511,Lusa,Lenny,82841104038
TKH9627525,Petronia,Marijo,09980949511
XQM7468675,Elie,Fadiman,07337640329
GVD6596760,Shannah,Desai,95434128543
YIQ8880971,Miquela,Clarissa,66298198338
YKV4048320,Frank,Thema,32239756182
PDE3386110,Celisse,Chobot,99228649203
TAP8993560,Latisha,Masao,18554806411
LPD1312922,Candi,Dorothy,69875441528
YXG7426565,Olwen,Whiffen,32122883588
ERO0509720,Karly,Campball,22092892612
AFE9896796,Nyssa,Gavrila,58849423567
SSJ7731050,Rani,Zeeba,80633614161
DDU8909753,Clementine,Sigfrid,02064937227
TWJ6911611,Kial,Prober,32371000915
FKP7840771,Mady,Martguerita,66742883462
POQ2799502,Karena,Fiann,71691618424
HNJ4771399,Dyann,Faust,56530227190
UFV6743128,Krystle,Teryn,06186228884
DCR6676105,Bobbi,Gherardo,88320630110
BRX4778516,Jaime,Eachern,12518241028
SNB4716424,Merrie,Dorine,05333733886
KLU0747300,Madalyn,Richers,12835183102
KOQ4945651,Evaleen,Libna,27954140200
MMI5605210,Melisent,Shields,99717724040
GPE9954874,Beatriz,Letsou,34034937402
PRA0007601,Nariko,Penelopa,26929282301
KLT7991819,Althea,Othilia,35087579941
DMP4228511,Orelia,Henrie,56080166134
ZSS8964752,Selia,Calhoun,63523317068
DAH7252332,Blinni,Rad,78503787872
WJF9399896,Sheelagh,Rogerio,44930243422
KQP0460106,Raquela,Ramona,68675775277
HQO7366045,Etta,Ogren,64158194571
ZJT8404932,Vonny,Joseph,72897568550
CLI8555957,Zondra,Capello,61060928693
NAX0299534,Berget,Bigner,30155658462
CXM7215786,Brietta,Wenoa,43160557350
RME1623371,Aryn,Jammal,52822110735
HZR3028216,Charmaine,Salchunas,52322608225
PZL0057793,Dale,Dituri,70062632552
VJK9871334,Lexine,Malvino,41963418814
ACM1985563,Monika,Barney,02128574377
AQC2161651,Ellette,Madaih,78975431381
DIC4291273,Merrie,Charmine,39148723096
KPL1839799,Madeleine,Christal,51514269742
YKO9652213,Jasmina,Margret,54671973566
IZS2440217,Reeba,Suzetta,50574540096
UBS8145997,Wanda,Ries,74019977321
LBQ3960930,Linzy,Pulsifer,21033185440
JJJ2739235,Letizia,Lail,32524373330
JMY8292746,Elora,Sperling,59745016192
HJQ1992476,Cassandra,Roxanna,68807623743
SRE7717360,Vivia,Riva,75825909530
BLW2202830,Talya,Lissi,26603988661
EGJ3093697,Sam,Ulphia,45862362935
KWP8797231,Edee,Sharl,98199774789
BDT5460147,Ivett,Jess,37306063143
PEH0372455,Gwenneth,Linehan,08702354489
XWQ8476563,Tina,Erlandson,83274639025
PLZ3412356,Kaia,Codding,25834923745
BGJ3137869,Blondelle,Corilla,93910953149
ICF1660885,Janenna,Regan,71587546407
JLE8485187,Calla,Gemini,97418226313
SWG6181744,Dode,Randene,79877271890
JGP8935107,Amelia,Jillane,27591049387
IGU3609985,Sheelagh,Xerxes,29700613998
WGB1297223,Korrie,Celestine,70563206515
ZLD8176248,Jemie,Eiser,25504397468
ANO9557338,Kittie,Bebe,36911897473
VOD7315276,Verla,Tyson,84828910774
VFE8812787,Karina,Lytton,75596772189
SNA6454538,Rochette,Buttaro,73062181422
DJX4423952,Diena,Fiann,55701833982
KSP1847417,Fredericka,Travax,28082031554
EWF4003178,Babita,Alice,22379340021
OOO2756423,Dagmar,Swanhildas,10029282111
FWG4493996,Orelia,Jillane,44826992609
BHE1078786,Jaime,Alejoa,62334960085
ZYO8401747,Raf,Phi,09788696749
WHL5677536,Felice,Lewes,10401550027
OCJ4172450,Kore,Marlie,47536290844
QCN9110821,Clary,Clarissa,37862180543
OEW6807071,Helena,Hull,88928686751
VAZ7666595,Jenda,Odysseus,06301922288
EZO8140459,Ingrid,Sikorski,05115944599
KKH2342689,Therine,Tound,24925228207
QIF1974806,Corry,Gladstone,10284160174
UTD5506882,Kerrin,Gaspard,65579567769
RQD3084640,Emilia,Colyer,70175005291
ZGY4587716,Alexine,Baylor,24354494380
ADN4384456,Dode,McAdams,65862446026
MIJ8338128,Carmela,Gilbertson,94357136740
RTY1245976,Deloria,Ardeha,10530439904
AYQ0865227,Michaelina,Celestine,41676756949
WFT1918834,Darci,Egbert,87424431830
FCP0203594,Roslyn,Jethro,32163970395
ZZU5588800,Cherilyn,Nore,42680687444
MIH7720520,Marika,Eiser,10336624706
DRZ0077775,Sallie,Dorothy,68801518105
TTG8990863,Mady,Pond,33989830916
CMC4758295,Deedee,Cleavland,40829457571
IRJ3958581,Dulcinea,Cavan,55747856255
UMB6006522,Alex,Hachmin,30448377912
MJL3131293,Edith,Alejoa,38774881602
UIN3231853,Gilda,Fancie,83698022941
YSX4849879,Leia,Maisey,11156109448
HWL0990305,Ekaterina,Chabot,22453985779
WRU0355360,Augustine,Goth,20408199987
RKA3376074,Caressa,Erich,52787831966
CFE8672690,Kristan,Uird,56897106001
FAP6548708,Shaylyn,Kamaria,58161709510
FWH5443860,Laurene,Linehan,76092770926
QVQ4755665,Kaia,Melony,66060363105
RAC7410947,Maryellen,Maroney,31630785147
PTG9915783,Candy,Brackely,43973112457
PEZ0639744,Ketti,Gemini,02912301209
FMP4106297,Esmeralda,Markman,17624138362
DID4748070,Odessa,Plato,74662160594
HXE3439263,Leia,Wesle,41701541112
KUG1503850,Etta,Chesna,58598007043
VEL6173373,Calla,Amand,35527806023
SMQ8025687,Hallie,Tamsky,76345797000
DVU2318944,Elyssa,Loeb,29329520286
ZHJ4686687,Petronia,Medrek,52594450925
UFI3923230,Atlanta,Pyle,77968648869
TNQ6296578,Merle,Lacombe,32786594959
BEE7135735,Nananne,Zeeba,42319534921
EKQ2060317,Amii,Stacy,04706321645
MSI8963235,Briney,Zenas,77166388705
AGQ1363392,Fayre,Isidore,63928099875
NDE6841611,Jacquetta,Markman,38976696203
GWH1016215,Lusa,Konyn,47980911348
AWM6294959,Nickie,Alwin,93125480698
BQD0401213,Zia,Sherrie,09717471932
PUW1563404,Rosabelle,Marisa,95325751202
RJG0917026,Dania,Simmonds,91620702991
DDM4456200,Vevay,Jerold,82234601983
UTF1288256,Elise,Jalbert,81476976198
YUI1135982,Etta,Kauppi,49971207669
YVO8361945,Gui,Lalitta,70888732988
GIR6972275,Cacilie,Gavrila,95139821020
OXM3241950,Gratia,Jary,05550402160
CGH6774090,Nadine,Rurik,70321806598
JJC9467654,Elvira,Herrera,71521265005
SZH9451917,Brynna,Dash,75829148116
EQW1281630,Merci,Gahl,48337937688
YGG8834366,Caressa,Trey,53322549228
SBF6895192,Fayre,Cavan,31201013456
BSU6794528,Codie,Wattenberg,76666658250
QMV9892029,Corene,Septima,81515420126
XTN3435455,Olwen,Rheingold,36196238970
KAP5140039,Odessa,Hanleigh,17950762110
BDV9148314,Sophia,Infield,00480033461
MYO3867546,Justinn,Ruvolo,89342573241
PKS6643977,Mary,Rebecka,50460932161
LSG7605492,Gisela,Ellerey,65665139434
REB1949123,Gusty,Franza,90230149655
BBU0450931,Kalina,Jarib,96487219526
MZL6867144,Elfreda,Pelagias,85318394087
IKE1405975,Rori,Grayce,41989747769
DLZ6499797,Riannon,Amethist,36270177925
CCI7796800,Rhea,Gordon,91618940204
VDY4761901,Deloria,Radu,53133092465
AVD0490839,Vanessa,Rozanna,46790753908
HPW7742250,Steffane,Lowry,03659243450
EMC9197289,Nanete,Norrie,19745707820
ECO2465879,Dulcinea,Whittaker,85371191658
XCW8083882,Melanie,Blisse,84071642062
QAT0725602,Gui,Stephie,76079583804
YYB1615063,Kassey,Argus,13180204174
WLJ8020378,Gusella,Mehalek,39468800460
BRV8858303,Gerianna,MacIntosh,02045114208
YBZ8101939,Roz,Tillford,09779377950
GGY1364251,Joceline,Vilma,99886329759
PGF9643451,Amelia,Alfons,28822117209
KBG5647715,Collen,Reidar,07300116618
HQX2797441,Bill,Land,77589284228
YMS0923575,Henriette,Eno,19651509195
OFU1075302,Diena,Flita,00695794055
WVL0006260,Elise,Aida,03872017302
QBL0725984,Judy,Killigrew,02683553632
ZZS1390086,Wendi,Maurine,12735619276
JJG2427640,Tierney,Belldas,99709473018
XWC9741581,Renae,Luhe,92169053916
ERK9374100,Bertine,Darbie,14089649241
OFN5895663,Concettina,Adore,68631727564
RVM0862179,Alleen,Dulciana,01567172383
JDF3418330,Karina,Diann,55339732041
UBG7800044,Doro,Erlandson,63319445906
XAD9836376,Margette,Charmine,41473475211
LSS7746640,Glenda,Nickola,10133876399
RAS9085395,Sara-Ann,Nance,60243277314
DEU2411645,Heida,Kazimir,07993346984
IKT8083444,Marguerite,Knowling,17857228243
GVO1794974,Lilith,Mayeda,94036836676
ZVG1385657,Modestia,Parsaye,24913243660
YPU5466403,Courtnay,Khorma,17580402934
ARM2283173,Pearline,Malvino,88859175388
PIT1625945,Emmey,Lewes,87681861504
LVP9920753,Oralee,Aprile,58053120062
GJZ6163666,Aimil,Jacinda,96168123935
CTL9304385,Max,Chauncey,93423697657
RFY7389209,Selma,Darian,80584725688
UOA9408808,Ingrid,Grimbly,59104819048
EZX1968694,Flory,Paine,24525694259
AYF7575689,Vita,Taima,42867382565
ZNI7117593,Rhea,Koziara,39499839247
KPD9604724,Sharlene,Leifeste,27616198976
UCI9538881,Emma,Robertson,36946091987
SHX6986966,Kelly,Lorenz,84409045903
TYE5160080,Hayley,Blake,56051572432
QRO1184056,Clo,Chauncey,86832090281
HVJ2340137,Angelique,Roarke,52556753193
RNT7958498,Katleen,Kimmie,24390473187
VJY3059978,Gerianna,Belldas,13273838777
EHB8880809,Winifred,Mozelle,11535736794
PMI3472655,Johna,Sadowski,98768637078
MWS5639384,Teddie,Reneta,11312080957
ZDH6962432,Dulcinea,McLaughlin,07409036669
WIV5763991,Michaelina,Carri,21306117809
RQZ4008930,Rosene,Cassius,39656217674
OLN1485642,Sidoney,Tamsky,82980208840
JFD6398661,Halette,Jerald,86347197662
JOW8282640,Raina,Vorster,51252478816
HFP8815355,Carmencita,Rodmann,01207186915
XVZ6919046,Gui,Anastatius,84418274723
KCB4283668,Gisela,Secrest,15736215245
PGH1759577,Janeczka,Evangelia,01228504040
VWX1232295,Ninnetta,Noam,86695172819
QQG1882174,Renae,Carbo,09283289866
MYW6819637,Edee,Clywd,60100138539
SYI4021840,Lenna,Gaspard,05871107208
WMX7521455,Genevra,Fancie,42316641109
EAO5287848,Kary,Lenny,26363184206
YYJ3540043,Jaclyn,Giule,67739686697
UUV4162730,Julieta,Larochelle,75110458159
KUP4674059,Deirdre,Creamer,43571457343
NEG6489074,Etta,Hoban,92259079142
CPK8751115,Chastity,Lorenz,69937337695
IHH3088485,Chloris,Blisse,10737821767
URK2940435,Marti,Tybald,31969707045
KJK5249300,Raf,Norrie,45747597895
DVY3418296,Grier,Gwenore,87876407038
NLD9549686,Claresta,Kevon,80088365510
UTX9023266,Angela,Georgy,16811316581
PNC3974671,Marti,Uund,46121729075
BFR6669812,Margalo,Ogren,52461929052
EBQ1896154,Nanete,Ariella,66248632208
PDD7211721,Bertine,Oscar,09488614380
KOJ0313819,Blinni,Faso,20537199160
FXC3388506,Rosanne,Iiette,82715304055
NOS9122519,Nataline,Amethist,56235699744
GPU8108155,Roz,Tippets,55717304664
MAJ4731078,Perry,Margret,53879408107
QVK4201065,Kenna,Donoghue,14847014005
GAD8824106,Isa,Glenden,44010479485
TGO2710129,Evita,Carleen,57787184228
UHJ4662351,Emelina,Macey,50203393144
CNP2108362,Beth,Kamaria,95225534337
MMV5279002,Berget,Grayce,20027880220
TCL0572765,Kelly,Gaspard,83267811952
BHB4656767,Lizzie,Quent,65932901494
PFM0393110,Diena,Zaslow,94724711590
PHN5183458,Candi,Rubie,49692007722
IZP9064832,Joelly,Brunell,36707578576
PVN4421294,Consuela,Poppy,74781741752
PQU6124187,Raf,Fink,97917470609
FMY3084711,Gusty,Nisbet,80072620613
MKH1558126,Inga,Lalitta,19557854437
IPD6336843,Marcy,Middleton,97132730655
SFL1089388,Gwyneth,Wenoa,59041338287
RLL0053159,Kaia,Sasnett,83811175948
FPO0079851,Carree,Gordon,25411213557
XHJ9457749,Eolanda,Faro,68716638157
EVU8417347,Brietta,Laurianne,25980529629
HDC6512742,Mathilda,Stefa,18376091174
MWX1411811,Liana,Forrer,74091492772
CYY7633421,Cherrita,Dorothy,02146282972
BIM4083171,Tiffie,Toor,15561050364
IID3585772,Elvira,Schlosser,56565093834
FAM5029327,Feliza,Gower,38107611592
TFY9003468,Sonni,Helve,90889368695
RGY4635809,Latisha,Korey,62293420400
MJR5884777,Alyda,Linskey,85504335114
AKV0776731,Basia,Evvie,17911747674
KZC1281434,Tersina,Millda,97770721481
GQI7069535,Devina,Isacco,18726639524
TDO3501766,Carilyn,Adore,99833540713
JXU5328856,Vita,Soneson,93541055200
KFL6743701,Chloris,Adlare,85626457326
YYO8372978,Concettina,Melan,07353267605
DWB7284657,Kathy,Jenness,80131650866
EME0857126,Kirstin,Smitt,75731131524
HKB4476493,Lelah,Zina,08716205289
UZT2649523,Anallese,Lane,00275743131
FAQ7806055,Michaelina,Elo,51383015930
YCN5439378,Jacquetta,Truc,89559430978
PQL8241465,Kassey,Tannie,37570089129
PJE2466706,Mureil,Thunell,54387758625
FHL0020349,Cherilyn,Carmena,65797996915
BCK4938664,Selia,Hanshaw,43879928798
RZI4507549,Marleah,Rhu,84571573351
RLA8049776,Abbie,Thilda,31832142786
DTE1906192,Phedra,Dominy,55481643547
LBW1651998,Lulita,Colleen,68539251663
ITO4358260,Dorthy,Dorcy,10762464703
ELM4585688,Lucy,Roche,58270947755
PMV7113610,Marcelline,Philoo,67444338555
CQT7257944,Darlleen,Ezar,11602062623
FLY3970389,Jennica,Sandye,55808552530
UFX6229628,Winifred,Raseda,79425360837
ZIR9443356,Sonni,Teddman,07375088941
IRB2600090,Zsa Zsa,Marisa,13204523957
HIZ4243413,Selma,Holbrook,21529070583
MOB7237550,Carree,Francyne,80815121785
FDX0589379,Olivette,Secrest,00179541507
CAZ5890386,Anthia,Stuart,87183669740
ETB4458419,Leontine,Sammons,96417222110
EZQ4946824,Cindelyn,Ehrman,64951730027
VXE8194242,Ariela,Norrie,08111004968
ECW5832843,Coral,Durware,25722131461
BAO0261579,Jillayne,Francene,39380386485
WJR4247669,Ezmeralda,Slifka,72958715285
BCQ8517990,Elyssa,Elephus,02224075603
ZUD3047709,Debee,Zenas,30364978074
XZZ6689626,Lucy,Tremayne,22321881149
JPN1055539,Alie,Fillbert,60507881709
UVD0461144,Gertrud,Rese,67568698818
JVZ4941139,Clementine,Oneida,18059759636
ESV8662987,Berget,Socha,20950252081
TYP9642240,Christian,Kat,45014838569
YNO4100899,Thalia,Schroth,79980755545
ZCC9189963,Sabina,Jehu,43159409534
SOZ6130923,Gretal,Xerxes,89989079541
DIT2710376,Vinita,Lacombe,39763329714
XTY8597667,Janeczka,Rustice,64783595441
SZX9466436,Hermione,Trinetta,43026548669
NFX7793938,Tilly,Gamaliel,15210685636
BRH2430624,Kara-Lynn,Whittaker,48623674626
GMT9545459,Myriam,Ries,05293668940
RSW2720400,Corene,Graig,14503801557
LNV7112322,Alyssa,Terencio,84060143764
VRP9525767,Anallese,O'Rourke,67076414588
PNJ4558282,Yvonne,Mozelle,80099565737
HBM2986965,Mahalia,Sinegold,34757519649
SXJ4975233,Katharina,Behre,92428031017
VFD0749993,Desirae,Vary,84848654756
JXO4806323,Fred,Lunsford,19411482178
CGC6075184,Elena,Jacqui,45058576024
MYQ6618235,Sharai,Dash,69155928779
VNB3704758,Ashlee,Viddah,35884228079
UKS2334357,Winifred,Klotz,63913998969
WNA9503657,Brianna,Prouty,66685080154
ECW3795625,Mariann,Fitzsimmons,80759807667
RHI9355065,Myriam,Kussell,37557265950
BRQ8921926,Correy,Uird,73458721596
JMX6448004,Corly,Holbrook,02664323874
UCR0289835,Deedee,Iiette,44859369680
KIA1933147,Lita,Chinua,53822970529
PKU0876492,Brandise,Gherardo,08935670368
HSM6791099,Dorthy,Cullin,78559837835
NYE0122355,Lolita,Fillbert,96893819951
FOH3515619,Corly,Orelee,97978436148
SXL1031776,Kristan,Faso,05906922130
OHO4900419,Korrie,Septima,04150542249
JHI2297393,Di,Dash,57178238861
BDU1715083,Kirbee,Nahum,28308393516
VSS9412495,Ketti,Yate,42782119950
ZAO5617662,Fidelia,Bollay,81194364814
WTI8803046,Clarice,Stoller,75189174516
YNI5620648,Janeczka,Delila,82941295061
LSP0069352,Daphne,Carbo,75047689023
HIV1742417,Michaelina,Nester,33679210312
SDH9570313,Ardeen,Anastatius,83722951291
DIK1724397,Agathe,Slifka,16798282703
ERA2465788,Marjie,Gunn,49344665727
BIV7232023,Hyacinthe,Bigner,40840508751
MTK3473098,Augustine,Lumbard,41005978639
CGW1246061,Gretal,Alisia,52313286614
ANV4510941,Constance,Frendel,40603346063
ZNF6528884,Orsola,Hartnett,30397777043
TKP4381020,Berget,Voletta,92823668265
KEP8589479,Dode,Mayeda,43527177723
KCG5036462,Adore,Kinnard,13780226964
IAR4369368,Madeleine,Cookie,02515445173
QHV9424767,Mallory,Vittoria,76303815598
UIU7945249,Madelle,Beebe,17697687562
XPD4126086,Edyth,Klemperer,55121909501
YLG4071611,Merrie,Kunin,78007861736
TCH6946295,Rhea,Leffen,47258827171
UXJ1061104,Libbie,Harl,24435940850
UJX7763183,Alyda,Birdella,11738684990
HIT9729672,Janey,Klotz,86441390057
KPC4737652,Inga,Birdella,83686269878
ECY0184911,Winny,Zeeba,82586075247
ZNT0561139,Ursulina,Hessler,03985858296
EQO5252175,Frank,Pascia,24252344043
VBA9501454,Stephanie,Douglass,37407353751
WAZ0539198,Petronia,Mandler,70017787165
AZR4578861,Elfreda,Fulmer,22583462882
XUY6206317,Gretal,Bollay,38582543798
TVE8289922,Tybie,Lilas,88422599018
BXG3667215,Ulrike,Rossner,06326442441
RMD3767052,Caryl,My,02909488846
HQE4747102,Desirae,Knowling,66016018531
OFF1253367,Christian,Maryanne,21220064448
KMA5516660,Vinita,Abernon,93061395665
KKB4562617,Rosabelle,My,13566939296
UTM9522093,Kassey,Sharl,42691045382
SVZ3632996,Madalyn,Terencio,14107990397
PIU5483541,Florencia,Bigner,16283842440
LMC1953418,Jenilee,Niles,76076692533
TAZ7897764,Roxane,Carvey,71618321423
SKK8167491,Ayn,Azeria,02181506696
KQX8005585,Ileana,LaRue,17928721338
JYI6516128,Rozele,Carri,30668428173
FCF7897410,Agnese,Alexandr,55461841208
ZMD2285957,Demetris,Erskine,80059085803
QLL3754004,Chickie,Havens,19399914140
QCR7895599,Courtnay,Vivle,44052358607
QDF7972201,Latisha,Kirstin,78960810182
DKH2416651,Frank,Johnsson,71467962915
NEK3856591,Meghann,Dreda,50038620151
ZMZ5147532,Nariko,Philoo,07941455774
YQU7745640,Gui,Thomasina,26549527031
NPB0524186,Fanny,Fiester,44858820932
IVO9100276,Albertina,Reidar,46605567710
BZJ3538627,Georgina,Virgin,45298748770
UUI0036905,Jolyn,Leary,68385776216
GLP4552653,Cathyleen,Wesle,81607768690
IGD6646719,Miquela,Nickola,98743379321
PMW9608120,Courtnay,Garlinda,57508775973
TLD3704312,Zaria,Geffner,16554788659
RUL8566975,Hollie,Craggie,37840446368
YLG4702375,Goldie,Fitzsimmons,96979423499
PFA3307864,Rosabelle,Rebecka,84682766612
VPH3385174,Paulita,Shelba,29536073370
EDG7409559,Sophia,Darrell,99468879509
FTS1433789,Pierette,Swanhildas,62942665983
MCH7627790,Lily,Korey,65054210340
DGL2750082,Sybille,Gaynor,15882510429
MAC7832106,Brana,Longfellow,55779121549
YUF1787719,Millie,Stelle,30125298189
XVL0579790,Flo,Janene,13812537629
SSB8249032,Frieda,Donoghue,37688921356
PPB7563110,Jaclyn,Naashom,10140132738
HWA3405335,Averyl,Beebe,04075750538
IMS7001104,Iseabal,Garrison,16343357159
HRW4497749,Hollie,Presber,43182644548
KYX8996601,Joceline,Demitria,37749898493
MNA7973803,Elvira,Cavan,48285186847
ILY7245621,Annabela,Colleen,14078090101
XJN0644882,Elora,O'Neill,13439781633
NUX4382538,Ira,Simmonds,09840686923
YKI6674472,Mahalia,Barney,68608997578
TOT9764897,Valeda,Podvin,95139362663
KQC0405244,Grier,Cimbura,48631797561
YDP8709119,Vonny,Oriana,59709730491
QSR4302145,Quintina,Bashemeth,17110898874
HGG4593517,Jeanna,Old,72254768343
PIS0245256,Candy,Merat,31732512297
OOY9632181,Coral,Lane,66124946693
TTE2257863,Calla,Eldrid,42215553240
CXC1534175,Josephine,Ovid,39675311104
CWL1383133,Livvyy,Jess,03213502971
FRV8674050,Rani,Moseley,37880616496
XFB1511658,Bobbi,Pettiford,51180108900
UJA1834558,Marylou,Behre,18510788401
DMQ7802814,Ginnie,Adrienne,81214544353
OBE5827148,Hildegaard,Eben,43028470993
JOS9180711,Leia,Kenwood,86204792908
YIB0985511,Jacquetta,Chrystel,65911770186
YDL4217426,Kellen,Remmer,38650176441
QWQ4729415,Adelle,Redmond,45155787163
URJ6305659,Tatiania,Pillsbury,59384210826
DOU9842571,Jaime,Fulmer,41430348657
RMT3396620,Melanie,Carri,28580327922
CPV1444770,Corly,Lamoree,76878450093
KHF1901886,Kittie,McCutcheon,69649078698
QFP2646152,Bernardine,Westphal,93587365289
WJO3598571,Rosaline,Gladstone,46098501290
MHP2806117,Darci,Standing,12023896058
UYU0667178,Stevana,Belanger,71031275642
VWP2634155,Glenda,Leary,52849599302
LRW9031646,Lolita,Roxanna,34492692047
YRL6288684,Kaia,Idelia,08731648786
CFE4248791,Chandra,Corabella,62276513613
HQG7105812,Dianemarie,Sammons,89617406569
RSZ0761182,Phylis,Tice,12561507176
JUD9384808,Sibella,Annabella,16072888681
EGT9405895,Gavrielle,Letsou,75566891863
GKC2849604,Shaine,Barrus,84923253049
HXL2296401,Teddie,Byrne,68335728416
KXJ5195889,Kirbee,Poppy,95201242849
MQF9553175,Arlina,Tamsky,05773503019
QAU8244546,Hyacinthe,Isidore,10684804691
LYS6942919,Rosaline,Hanleigh,53036072859
WOQ2529589,Dede,Hylan,72662763989
RFS5076068,Aaren,Emerson,33759833683
NLT5356973,Jean,Holtz,57679645637
GIO8517743,Hettie,Krystle,72437076476
KIZ7997303,Tressa,Hashim,67091762166
MPR1949971,Meg,Pascia,61694045562
TNT0506965,Stevana,Orpah,71378337349
OEQ3090902,Mignon,Poppy,51073293085
TMN2142971,Hermione,Westphal,63820566627
OEF9351789,Correy,Gilmour,63827915927
YUC0872920,Joelly,Damarra,23681249111
BMN7652315,Ebonee,Janith,94563642064
DYQ9844318,Cam,Madaih,39886239347
HGO7823728,Alyda,Swigart,52888055508
SHS6711826,Shel,Dalli,72174628615
MAK1625523,Ermengarde,Claudine,30109995491
RFQ2738203,Pearline,Mehalek,36382847598
EXP1993981,Tabbatha,Malina,18866097974
FCM9488209,Hildegaard,Rona,70450284471
WCX8166123,Nannie,Meli,85173718649
ZVJ6551216,Christian,Drus,35565476450
PJG5958385,Doro,Longfellow,02301505963
CSW4308784,Asia,Rossner,11886128517
GOA9520624,Tracey,Allare,88697670195
IYW5853143,Genovera,Mitzi,58168884005
XAD6126044,Jan,Flita,12446335276
GYR6261397,Katuscha,Tremayne,88342576843
MEU3532552,Jerry,Tufts,78368613480
AQW4113758,Elena,Trinetta,30103465423
YME3237020,Quintina,Anis,16417080038
XXZ6474944,Genevra,Schwejda,14983168024
MJX2144791,Coral,Jary,28247285289
MBU2450606,Gisela,Goode,14951820361
SDU0333561,Kassey,Keelia,78311625579
IXS5624578,Paulita,Truc,27676958509
KWH2645899,Aimil,Estella,23131525560
PVS6179871,Shannah,Morehouse,03888852938
KUW6059162,Millie,Sancho,71399582937
HQP8280599,Celene,Meli,13429671742
KNL5561422,Clo,Pulsifer,94582925951
OAR0372874,Vevay,Sprage,25992563312
GIC9528201,Annecorinne,Rooney,31999025684
GBN0422145,Fred,Faria,96137524444
SLM9260958,Siana,Dannye,28003724954
XIA0089373,Belva,Rillings,32960453936
ZKT0788749,Zsa Zsa,Kimmie,00215765124
GZP9515776,Alameda,Leler,50089742043
SQH3433683,Olwen,Vins,66294325626
FAU9829983,Lorie,Ulphia,76968159158
MET9570489,Bettine,Tremayne,67991047311
SSX0757787,Lucy,Delacourt,69401000261
RAI6638187,Genevra,Hessler,30184854712
KGQ5806385,Ashlee,Pozzy,08493392356
TVH2490064,Maisey,Korey,40485419383
BFR5951550,Lynde,Ioab,75467551596
FZH5435469,Marsiella,Raffo,43458053367
FCI1552661,Florie,Codding,37621112074
JRQ6167684,Hettie,Turne,38683130434
GAQ8265105,Cathyleen,Gemini,72151526474
EIO4969257,Laurene,Smitt,12740665228
AUO1389290,Sandie,Simmonds,51796181745
KCS6980729,Bernardine,Horan,56497682074
XAE4957246,Ricky,Lucienne,27550673480
KBX7926339,Libbie,Florina,11437695461
HHC3168167,Sybille,Phaidra,69112168231
TMB1206042,Bernie,Nisbet,22098626087
OMP3169290,Sandie,Sprage,64851911814
MUH3207634,Willetta,Magdalen,84914487552
UFI9467348,Tani,Audly,63667153045
ZBQ6237481,Gisela,Amasa,19277995661
BVR2404179,Sybille,Sparhawk,77834284081
UBD7285299,Kamilah,Pettiford,47349381171
FUC4579963,Emilia,Drus,86276563827
API6988903,Courtnay,Japeth,40436285132
VAQ2201399,Jobi,Revkah,92547464373
AHX4455755,Camile,Chesna,34342908250
TTX4786705,Laurene,Joseph,22385579938
ATR1682356,Heida,Shields,87366812148
GBU9487655,Leanna,Yerkovich,71944354739
KRZ3201593,Karlee,Alisia,30285191102
CVL8699967,Charissa,Bartlett,20469870208
KDE3718012,Roz,Manolo,16615863133
SXY5606515,Rayna,Faso,47455826721
OPV9497080,Tarra,Hermes,09987928257
TVB0656111,Vita,Munn,01867469275
AYL7897612,Danika,Pattin,05365814134
YHM9182387,Margalo,Orelee,06805713371
PMP5115721,Gertrud,Ovid,80371131753
RKP9808027,Ileana,Brackely,48071025916
IGK5112370,Hyacinthe,Eben,37581840098
LSD7238182,Dagmar,Bebe,76237386533
DSU1341137,Morganica,Willie,79934982743
CZV6803017,Wileen,Keelia,50548171776
AJA8075615,Ginnie,Alcott,90016119657
MXW2747201,Shel,Dituri,68000089778
INZ6851343,Audrie,Fax,15965350554
YQY1969962,Danika,Poppy,71324670400
JWI1324424,Carolina,Roche,48485424241
RYJ3677969,Gusella,Minetta,57600078106
ZMP7864637,Catharine,Fax,35910217217
ZBI1547754,Gale,Konyn,47731207127
QYV3399894,Silvana,Berl,04954697554
ZVB8880567,Marline,Rosette,79750580260
ACS3606205,Jessamyn,Ramona,34553402044
KXQ3714335,Tybie,Tryck,71497390589
RVD8402499,Stacey,Longfellow,55243643474
GJH8281225,Minda,Sherrie,75320190657
GIR2732969,Cecile,Toor,46386797490
XSI7933547,Dorthy,Oneida,44967074581
RWU2492573,Binny,Emanuel,47949477110
KCE8488274,Correy,Clywd,73381415764
WZF3186980,Gusty,Seessel,15529633471
ELN2821259,Raquela,Shanley,35268457552
FSM6491931,Ruthe,Dyche,30077439613
KTS5422581,Jorry,Stilwell,51741552579
ISZ0375600,Emylee,Hunfredo,50007884030
ZON1757363,Goldie,Papageno,80785880273
WDF3344372,Micheline,Hunfredo,48858244002
NVQ9289638,Jackie,Regan,29046475910
HXT2179212,Leontine,Trace,81870493077
QRU4898085,Michaelina,Nester,85588631143
XRU5891857,Aurelie,Niles,59071158610
FVO3985043,Shauna,Janith,65501751134
LQK0333208,Tina,Forrer,30678500590
QSC9097712,Gusty,Drisko,61770871931
MBH8387206,Riannon,Zola,03103741445
EBI2500905,Zaria,Jefferey,64301901916
HQB1950478,Sidoney,Hilbert,85819010238
HCK1646129,Alejandra,Arquit,31719647973
PIJ4490203,Kore,Mallon,90435790731
GDP1238861,Jemie,Maiah,91424164822
LUV0980719,Calla,Verger,12970389194
OFO3941078,Marline,Junie,13269555687
MFC3427186,Elora,Wesle,79043964124
ABR9161593,Chandra,Gert,48034413616
RDP2080640,Miquela,Pettiford,51061727170
VQC6125920,Fawne,Dowski,62996584339
PKH0070986,Eadie,Jarib,27592230404
YTK8177278,Judy,Ajay,70509092601
HKF7378640,Lanae,Tristram,24756832805
AQP7472236,Tiffie,Pozzy,61660699431
NFQ9362547,Joceline,Pascia,45291897035
JHS7929781,Joceline,Newell,78712110247
HIH4443463,Giustina,Florina,89315650272
JCO8412522,Annabela,Schonfeld,69429765119
VGJ9133738,Fred,Taima,85453861852
PNQ1908292,Kate,Clie,73582972568
CBU4875412,Alisha,Salchunas,66985587216
GFT5329807,Norine,Anastatius,52823790155
RPS7148675,Nariko,An,46945738048
EAV2821023,Etta,Stoller,76082373236
PGG7956095,Ileana,Harl,77195016401
USK7916288,Emmey,Ellerey,27916224559
GKX6114282,Amii,Arne,15161235288
RMT5421458,Janey,Celestine,98941923482
CJN1068322,Lenna,Sallyann,48700463823
IUU7680821,Beverley,Carmena,06905649617
ICP3081160,Antonietta,Philoo,13472448036
FVV1545897,Gwenneth,Fadiman,49674682986